@timestamp,message,dbhost.name,physicalhost.name,vmhost.name
2021-02-01T21:28:00,"Actual Transaction Already Voided / Reversed",dbserver.acme.com,esxserver1.acme.com,app1.acme.com
2021-02-01T23:55:00,"REC Not INSERTED [DB TRAN] Table",dbserver.acme.com,esxserver1.acme.com,app1.acme.com
2021-02-02T07:36:00,"Using: sssvcdbj1.acme.com!svc_prod#uid=dbadmin1;pwd=#####",dbserver.acme.com,esxserver1.acme.com,app1.acme.com
2021-02-02T07:36:00,"Opening Database = DRIVER={SQL Server};SERVER=sssvcdbj1.acme.com;network=dbmssocn;address=sssvcdbj1.acme.com 1433;DATABASE=svc_prod;uid=dbadmin1;pwd=#####;AnsiNPW=No",dbserver.acme.com,esxserver1.acme.com,app1.acme.com
2021-02-02T07:36:00,"012 Head Office Link Active 127.0.0.1",dbserver.acme.com,esxserver1.acme.com,app1.acme.com
2021-02-02T08:07:00,"012 Head Office Link Active 127.0.0.1",dbserver.acme.com,esxserver1.acme.com,app1.acme.com
2021-02-02T10:52:00,"Transaction Match In DB / Duplicate Transaction",dbserver.acme.com,esxserver1.acme.com,app1.acme.com
2021-02-02T11:54:00,"Actual Transaction Not Found In DB To VOID",dbserver.acme.com,esxserver1.acme.com,app1.acme.com
2021-02-02T14:34:00,"Card # Not Found Into DB",dbserver.acme.com,esxserver1.acme.com,app1.acme.com
2021-02-02T18:23:00,"Card # Not Found Into DB",dbserver.acme.com,esxserver1.acme.com,app1.acme.com
2021-02-02T19:26:00,"Actual Transaction Already Voided / Reversed",dbserver.acme.com,esxserver1.acme.com,app1.acme.com
2021-02-02T19:31:00,"Actual Transaction Not Found In DB To VOID",dbserver.acme.com,esxserver1.acme.com,app1.acme.com
2021-02-03T12:37:42,"REC Not INSERTED [DB TRAN] Table",dbserver.acme.com,esxserver1.acme.com,app1.acme.com
2021-02-03T13:50:19,"Actual Transaction Not Found In DB To VOID",dbserver.acme.com,esxserver1.acme.com,app1.acme.com
2021-02-03T14:10:04,"Actual Transaction Not Found In DB To VOID",dbserver.acme.com,esxserver1.acme.com,app1.acme.com
2021-02-03T16:19:41,"Using: sssvcdbj1.acme.com!svc_prod#uid=dbadmin1;pwd=#####",dbserver.acme.com,esxserver1.acme.com,app1.acme.com
2021-02-03T16:19:41,"Opening Database = DRIVER={SQL Server};SERVER=sssvcdbj1.acme.com;network=dbmssocn;address=sssvcdbj1.acme.com 1433;DATABASE=svc_prod;uid=dbadmin1;pwd=#####;AnsiNPW=No",dbserver.acme.com,esxserver1.acme.com,app1.acme.com
2021-02-03T16:19:42,"012 Head Office Link Active 127.0.0.1",dbserver.acme.com,esxserver1.acme.com,app1.acme.com
2021-02-03T16:19:59,"012 Head Office Link Active 127.0.0.1",dbserver.acme.com,esxserver1.acme.com,app1.acme.com
2021-02-03T17:06:27,"DB Not Updated [Master] Table",dbserver.acme.com,esxserver1.acme.com,app1.acme.com
2021-02-03T17:06:27,"REC Not INSERTED [DB TRAN] Table",dbserver.acme.com,esxserver1.acme.com,app1.acme.com
2021-02-03T18:38:52,"Using: sssvcdbj1.acme.com!svc_prod#uid=dbadmin1;pwd=#####",dbserver.acme.com,esxserver1.acme.com,app1.acme.com
2021-02-03T18:38:52,"Opening Database = DRIVER={SQL Server};SERVER=sssvcdbj1.acme.com;network=dbmssocn;address=sssvcdbj1.acme.com 1433;DATABASE=svc_prod;uid=dbadmin1;pwd=#####;AnsiNPW=No",dbserver.acme.com,esxserver1.acme.com,app1.acme.com
2021-02-03T18:38:52,"012 Head Office Link Active 127.0.0.1",dbserver.acme.com,esxserver1.acme.com,app1.acme.com
2021-02-03T18:38:55,"012 Head Office Link Active 127.0.0.1",dbserver.acme.com,esxserver1.acme.com,app1.acme.com
2021-02-03T21:02:32,"Actual Transaction Not Found In DB To VOID",dbserver.acme.com,esxserver1.acme.com,app1.acme.com
2021-02-03T23:49:55,"Using: sssvcdbj1.acme.com!svc_prod#uid=dbadmin1;pwd=#####",dbserver.acme.com,esxserver1.acme.com,app1.acme.com
2021-02-03T23:49:55,"Opening Database = DRIVER={SQL Server};SERVER=sssvcdbj1.acme.com;network=dbmssocn;address=sssvcdbj1.acme.com 1433;DATABASE=svc_prod;uid=dbadmin1;pwd=#####;AnsiNPW=No",dbserver.acme.com,esxserver1.acme.com,app1.acme.com
2021-02-03T23:49:55,"012 Head Office Link Active 127.0.0.1",dbserver.acme.com,esxserver1.acme.com,app1.acme.com
2021-02-03T23:50:29,"012 Head Office Link Active 127.0.0.1",dbserver.acme.com,esxserver1.acme.com,app1.acme.com
2021-02-03T23:52:30,"Using: 10.16.1.63!svc_prod#uid=dbadmin1;pwd=#####",dbserver.acme.com,esxserver1.acme.com,app1.acme.com
2021-02-03T23:52:30,"Opening Database = DRIVER={SQL Server};SERVER=10.16.1.63;network=dbmssocn;address=10.16.1.63 1433;DATABASE=svc_prod;uid=dbadmin1;pwd=#####;AnsiNPW=No",dbserver.acme.com,esxserver1.acme.com,app1.acme.com
2021-02-03T23:52:31,"012 Head Office Link Active 127.0.0.1",dbserver.acme.com,esxserver1.acme.com,app1.acme.com
2021-02-03T23:52:49,"012 Head Office Link Active 127.0.0.1",dbserver.acme.com,esxserver1.acme.com,app1.acme.com
2021-02-04T03:46:14,"Using: 10.16.1.63!svc_prod#uid=dbadmin1;pwd=#####",dbserver.acme.com,esxserver1.acme.com,app1.acme.com
2021-02-04T03:46:14,"Opening Database = DRIVER={SQL Server};SERVER=10.16.1.63;network=dbmssocn;address=10.16.1.63 1433;DATABASE=svc_prod;uid=dbadmin1;pwd=#####;AnsiNPW=No",dbserver.acme.com,esxserver1.acme.com,app1.acme.com
2021-02-04T03:46:14,"012 Head Office Link Active 127.0.0.1",dbserver.acme.com,esxserver1.acme.com,app1.acme.com
2021-02-04T04:11:16,"012 Head Office Link Active 127.0.0.1",dbserver.acme.com,esxserver1.acme.com,app1.acme.com
2021-02-04T10:41:28,"Actual Transaction Not Found In DB To VOID",dbserver.acme.com,esxserver1.acme.com,app1.acme.com
2021-02-04T16:24:06,"REC Not INSERTED [DB TRAN] Table",dbserver.acme.com,esxserver1.acme.com,app1.acme.com
2021-02-04T16:28:59,"Actual Transaction Not Found In DB To VOID",dbserver.acme.com,esxserver1.acme.com,app1.acme.com
2021-02-04T23:17:43,"Card # Not Found Into DB",dbserver.acme.com,esxserver1.acme.com,app1.acme.com
2021-02-05T09:19:08,"Using: 10.16.1.63!svc_prod#uid=dbadmin1;pwd=#####",dbserver.acme.com,esxserver1.acme.com,app1.acme.com
2021-02-05T09:19:08,"Opening Database = DRIVER={SQL Server};SERVER=10.16.1.63;network=dbmssocn;address=10.16.1.63 1433;DATABASE=svc_prod;uid=dbadmin1;pwd=#####;AnsiNPW=No",dbserver.acme.com,esxserver1.acme.com,app1.acme.com
2021-02-05T09:19:09,"012 Head Office Link Active 127.0.0.1",dbserver.acme.com,esxserver1.acme.com,app1.acme.com
2021-02-05T09:57:40,"012 Head Office Link Active 127.0.0.1",dbserver.acme.com,esxserver1.acme.com,app1.acme.com
2021-02-05T16:56:07,"Actual Transaction Already Voided / Reversed",dbserver.acme.com,esxserver1.acme.com,app1.acme.com
2021-02-05T17:36:38,"Transaction Match In DB / Duplicate Transaction",dbserver.acme.com,esxserver1.acme.com,app1.acme.com
2021-02-05T19:22:10,"Actual Transaction Already Voided / Reversed",dbserver.acme.com,esxserver1.acme.com,app1.acme.com
2021-02-06T10:46:49,"Card # Not Found Into DB",dbserver.acme.com,esxserver1.acme.com,app1.acme.com
2021-02-06T16:32:57,"Actual Transaction Not Found In DB To VOID",dbserver.acme.com,esxserver1.acme.com,app1.acme.com
2021-02-08T10:56:01,"Transaction Match In DB / Duplicate Transaction",dbserver.acme.com,esxserver1.acme.com,app1.acme.com
2021-02-08T11:42:50,"Actual Transaction Not Found In DB To VOID",dbserver.acme.com,esxserver1.acme.com,app1.acme.com
2021-02-08T14:38:43,"Transaction Match In DB / Duplicate Transaction",dbserver.acme.com,esxserver1.acme.com,app1.acme.com
2021-02-08T15:15:23,"DB Not Updated [Master] Table",dbserver.acme.com,esxserver1.acme.com,app1.acme.com
2021-02-08T15:15:23,"REC Not INSERTED [DB TRAN] Table",dbserver.acme.com,esxserver1.acme.com,app1.acme.com
2021-02-08T15:15:28,"Using: 10.16.1.63!svc_prod#uid=dbadmin1;pwd=#####",dbserver.acme.com,esxserver1.acme.com,app1.acme.com
2021-02-08T15:15:28,"Opening Database = DRIVER={SQL Server};SERVER=10.16.1.63;network=dbmssocn;address=10.16.1.63 1433;DATABASE=svc_prod;uid=dbadmin1;pwd=#####;AnsiNPW=No",dbserver.acme.com,esxserver1.acme.com,app1.acme.com
2021-02-08T15:15:59,"DBMS ERROR : db=10.16.1.63!svc_prod#uid=dbadmin1;pwd=##### Err=-17 [Microsoft][ODBC SQL Server Driver][TCP/IP Sockets]SQL Server does not exist or access denied.",dbserver.acme.com,esxserver1.acme.com,app1.acme.com
2021-02-08T15:16:00,"012 Head Office Link Active 127.0.0.1",dbserver.acme.com,esxserver1.acme.com,app1.acme.com
2021-02-08T15:16:43,"012 Head Office Link Active 127.0.0.1",dbserver.acme.com,esxserver1.acme.com,app1.acme.com
2021-02-08T15:16:43,"Fail To Connect Database   ReActivate Application / Check Connection String ",dbserver.acme.com,esxserver1.acme.com,app1.acme.com
2021-02-08T15:16:43,"Opening Database = DRIVER={SQL Server};SERVER=127.0.0.1;network=dbmssocn;address=127.0.0.1 1433;DATABASE=svc_prod;;Trusted_Connection=Yes;AnsiNPW=No",dbserver.acme.com,esxserver1.acme.com,app1.acme.com
2021-02-08T15:16:59,"DBMS ERROR : db=svc_prod Err=-17 [Microsoft][ODBC SQL Server Driver][TCP/IP Sockets]SQL Server does not exist or access denied.",dbserver.acme.com,esxserver1.acme.com,app1.acme.com
2021-02-08T15:16:59,"REC Not INSERTED [DB TRAN] Table",dbserver.acme.com,esxserver1.acme.com,app1.acme.com
2021-02-08T15:16:59,"Fail To Connect Database   ReActivate Application / Check Connection String ",dbserver.acme.com,esxserver1.acme.com,app1.acme.com
2021-02-08T15:16:59,"Opening Database = DRIVER={SQL Server};SERVER=127.0.0.1;network=dbmssocn;address=127.0.0.1 1433;DATABASE=svc_prod;;Trusted_Connection=Yes;AnsiNPW=No",dbserver.acme.com,esxserver1.acme.com,app1.acme.com
2021-02-08T15:17:16,"DBMS ERROR : db=svc_prod Err=-17 [Microsoft][ODBC SQL Server Driver][TCP/IP Sockets]SQL Server does not exist or access denied.",dbserver.acme.com,esxserver1.acme.com,app1.acme.com
2021-02-08T15:17:16,"REC Not INSERTED [DB TRAN] Table",dbserver.acme.com,esxserver1.acme.com,app1.acme.com
2021-02-08T15:17:16,"Fail To Connect Database   ReActivate Application / Check Connection String ",dbserver.acme.com,esxserver1.acme.com,app1.acme.com
2021-02-08T15:17:16,"Opening Database = DRIVER={SQL Server};SERVER=127.0.0.1;network=dbmssocn;address=127.0.0.1 1433;DATABASE=svc_prod;;Trusted_Connection=Yes;AnsiNPW=No",dbserver.acme.com,esxserver1.acme.com,app1.acme.com
2021-02-08T15:17:32,"DBMS ERROR : db=svc_prod Err=-17 [Microsoft][ODBC SQL Server Driver][TCP/IP Sockets]SQL Server does not exist or access denied.",dbserver.acme.com,esxserver1.acme.com,app1.acme.com
2021-02-08T15:17:32,"REC Not INSERTED [DB TRAN] Table",dbserver.acme.com,esxserver1.acme.com,app1.acme.com
2021-02-08T15:17:32,"Fail To Connect Database   ReActivate Application / Check Connection String ",dbserver.acme.com,esxserver1.acme.com,app1.acme.com
2021-02-08T15:17:32,"Opening Database = DRIVER={SQL Server};SERVER=127.0.0.1;network=dbmssocn;address=127.0.0.1 1433;DATABASE=svc_prod;;Trusted_Connection=Yes;AnsiNPW=No",dbserver.acme.com,esxserver1.acme.com,app1.acme.com
2021-02-08T15:17:49,"DBMS ERROR : db=svc_prod Err=-17 [Microsoft][ODBC SQL Server Driver][TCP/IP Sockets]SQL Server does not exist or access denied.",dbserver.acme.com,esxserver1.acme.com,app1.acme.com
2021-02-08T15:17:49,"REC Not INSERTED [DB TRAN] Table",dbserver.acme.com,esxserver1.acme.com,app1.acme.com
2021-02-08T15:17:49,"Fail To Connect Database   ReActivate Application / Check Connection String ",dbserver.acme.com,esxserver1.acme.com,app1.acme.com
2021-02-08T15:17:49,"Opening Database = DRIVER={SQL Server};SERVER=127.0.0.1;network=dbmssocn;address=127.0.0.1 1433;DATABASE=svc_prod;;Trusted_Connection=Yes;AnsiNPW=No",dbserver.acme.com,esxserver1.acme.com,app1.acme.com
2021-02-08T15:18:05,"DBMS ERROR : db=svc_prod Err=-17 [Microsoft][ODBC SQL Server Driver][TCP/IP Sockets]SQL Server does not exist or access denied.",dbserver.acme.com,esxserver1.acme.com,app1.acme.com
2021-02-08T15:18:05,"REC Not INSERTED [DB TRAN] Table",dbserver.acme.com,esxserver1.acme.com,app1.acme.com
2021-02-08T15:18:05,"Fail To Connect Database   ReActivate Application / Check Connection String ",dbserver.acme.com,esxserver1.acme.com,app1.acme.com
2021-02-08T15:18:05,"Opening Database = DRIVER={SQL Server};SERVER=127.0.0.1;network=dbmssocn;address=127.0.0.1 1433;DATABASE=svc_prod;;Trusted_Connection=Yes;AnsiNPW=No",dbserver.acme.com,esxserver1.acme.com,app1.acme.com
2021-02-08T15:18:21,"DBMS ERROR : db=svc_prod Err=-17 [Microsoft][ODBC SQL Server Driver][TCP/IP Sockets]SQL Server does not exist or access denied.",dbserver.acme.com,esxserver1.acme.com,app1.acme.com
2021-02-08T15:18:21,"REC Not INSERTED [DB TRAN] Table",dbserver.acme.com,esxserver1.acme.com,app1.acme.com
2021-02-08T15:18:21,"Fail To Connect Database   ReActivate Application / Check Connection String ",dbserver.acme.com,esxserver1.acme.com,app1.acme.com
2021-02-08T15:18:21,"Opening Database = DRIVER={SQL Server};SERVER=127.0.0.1;network=dbmssocn;address=127.0.0.1 1433;DATABASE=svc_prod;;Trusted_Connection=Yes;AnsiNPW=No",dbserver.acme.com,esxserver1.acme.com,app1.acme.com
2021-02-08T15:18:38,"DBMS ERROR : db=svc_prod Err=-17 [Microsoft][ODBC SQL Server Driver][TCP/IP Sockets]SQL Server does not exist or access denied.",dbserver.acme.com,esxserver1.acme.com,app1.acme.com
2021-02-08T15:18:38,"REC Not INSERTED [DB TRAN] Table",dbserver.acme.com,esxserver1.acme.com,app1.acme.com
2021-02-08T15:18:38,"Fail To Connect Database   ReActivate Application / Check Connection String ",dbserver.acme.com,esxserver1.acme.com,app1.acme.com
2021-02-08T15:18:38,"Opening Database = DRIVER={SQL Server};SERVER=127.0.0.1;network=dbmssocn;address=127.0.0.1 1433;DATABASE=svc_prod;;Trusted_Connection=Yes;AnsiNPW=No",dbserver.acme.com,esxserver1.acme.com,app1.acme.com
2021-02-08T15:18:54,"DBMS ERROR : db=svc_prod Err=-17 [Microsoft][ODBC SQL Server Driver][TCP/IP Sockets]SQL Server does not exist or access denied.",dbserver.acme.com,esxserver1.acme.com,app1.acme.com
2021-02-08T15:18:54,"REC Not INSERTED [DB TRAN] Table",dbserver.acme.com,esxserver1.acme.com,app1.acme.com
2021-02-08T15:18:54,"Fail To Connect Database   ReActivate Application / Check Connection String ",dbserver.acme.com,esxserver1.acme.com,app1.acme.com
2021-02-08T15:18:54,"Opening Database = DRIVER={SQL Server};SERVER=127.0.0.1;network=dbmssocn;address=127.0.0.1 1433;DATABASE=svc_prod;;Trusted_Connection=Yes;AnsiNPW=No",dbserver.acme.com,esxserver1.acme.com,app1.acme.com
2021-02-08T15:19:11,"DBMS ERROR : db=svc_prod Err=-17 [Microsoft][ODBC SQL Server Driver][TCP/IP Sockets]SQL Server does not exist or access denied.",dbserver.acme.com,esxserver1.acme.com,app1.acme.com
2021-02-08T15:19:11,"REC Not INSERTED [DB TRAN] Table",dbserver.acme.com,esxserver1.acme.com,app1.acme.com
2021-02-08T15:19:11,"Fail To Connect Database   ReActivate Application / Check Connection String ",dbserver.acme.com,esxserver1.acme.com,app1.acme.com
2021-02-08T15:19:11,"Opening Database = DRIVER={SQL Server};SERVER=127.0.0.1;network=dbmssocn;address=127.0.0.1 1433;DATABASE=svc_prod;;Trusted_Connection=Yes;AnsiNPW=No",dbserver.acme.com,esxserver1.acme.com,app1.acme.com
2021-02-08T15:19:27,"DBMS ERROR : db=svc_prod Err=-17 [Microsoft][ODBC SQL Server Driver][TCP/IP Sockets]SQL Server does not exist or access denied.",dbserver.acme.com,esxserver1.acme.com,app1.acme.com
2021-02-08T15:19:27,"REC Not INSERTED [DB TRAN] Table",dbserver.acme.com,esxserver1.acme.com,app1.acme.com
2021-02-08T15:19:27,"Fail To Connect Database   ReActivate Application / Check Connection String ",dbserver.acme.com,esxserver1.acme.com,app1.acme.com
2021-02-08T15:19:27,"Opening Database = DRIVER={SQL Server};SERVER=127.0.0.1;network=dbmssocn;address=127.0.0.1 1433;DATABASE=svc_prod;;Trusted_Connection=Yes;AnsiNPW=No",dbserver.acme.com,esxserver1.acme.com,app1.acme.com
2021-02-08T15:19:44,"DBMS ERROR : db=svc_prod Err=-17 [Microsoft][ODBC SQL Server Driver][TCP/IP Sockets]SQL Server does not exist or access denied.",dbserver.acme.com,esxserver1.acme.com,app1.acme.com
2021-02-08T15:19:44,"REC Not INSERTED [DB TRAN] Table",dbserver.acme.com,esxserver1.acme.com,app1.acme.com
2021-02-08T15:19:44,"Fail To Connect Database   ReActivate Application / Check Connection String ",dbserver.acme.com,esxserver1.acme.com,app1.acme.com
2021-02-08T15:19:44,"Opening Database = DRIVER={SQL Server};SERVER=127.0.0.1;network=dbmssocn;address=127.0.0.1 1433;DATABASE=svc_prod;;Trusted_Connection=Yes;AnsiNPW=No",dbserver.acme.com,esxserver1.acme.com,app1.acme.com
2021-02-08T15:20:00,"DBMS ERROR : db=svc_prod Err=-17 [Microsoft][ODBC SQL Server Driver][TCP/IP Sockets]SQL Server does not exist or access denied.",dbserver.acme.com,esxserver1.acme.com,app1.acme.com
2021-02-08T15:20:00,"REC Not INSERTED [DB TRAN] Table",dbserver.acme.com,esxserver1.acme.com,app1.acme.com
2021-02-08T15:20:00,"Fail To Connect Database   ReActivate Application / Check Connection String ",dbserver.acme.com,esxserver1.acme.com,app1.acme.com
2021-02-08T15:20:00,"Opening Database = DRIVER={SQL Server};SERVER=127.0.0.1;network=dbmssocn;address=127.0.0.1 1433;DATABASE=svc_prod;;Trusted_Connection=Yes;AnsiNPW=No",dbserver.acme.com,esxserver1.acme.com,app1.acme.com
2021-02-08T15:20:17,"DBMS ERROR : db=svc_prod Err=-17 [Microsoft][ODBC SQL Server Driver][TCP/IP Sockets]SQL Server does not exist or access denied.",dbserver.acme.com,esxserver1.acme.com,app1.acme.com
2021-02-08T15:20:17,"REC Not INSERTED [DB TRAN] Table",dbserver.acme.com,esxserver1.acme.com,app1.acme.com
2021-02-08T15:20:17,"Fail To Connect Database   ReActivate Application / Check Connection String ",dbserver.acme.com,esxserver1.acme.com,app1.acme.com
2021-02-08T15:20:17,"Opening Database = DRIVER={SQL Server};SERVER=127.0.0.1;network=dbmssocn;address=127.0.0.1 1433;DATABASE=svc_prod;;Trusted_Connection=Yes;AnsiNPW=No",dbserver.acme.com,esxserver1.acme.com,app1.acme.com
2021-02-08T15:20:33,"DBMS ERROR : db=svc_prod Err=-17 [Microsoft][ODBC SQL Server Driver][TCP/IP Sockets]SQL Server does not exist or access denied.",dbserver.acme.com,esxserver1.acme.com,app1.acme.com
2021-02-08T15:20:33,"REC Not INSERTED [DB TRAN] Table",dbserver.acme.com,esxserver1.acme.com,app1.acme.com
2021-02-08T15:20:33,"Fail To Connect Database   ReActivate Application / Check Connection String ",dbserver.acme.com,esxserver1.acme.com,app1.acme.com
2021-02-08T15:20:33,"Opening Database = DRIVER={SQL Server};SERVER=127.0.0.1;network=dbmssocn;address=127.0.0.1 1433;DATABASE=svc_prod;;Trusted_Connection=Yes;AnsiNPW=No",dbserver.acme.com,esxserver1.acme.com,app1.acme.com
2021-02-08T15:20:50,"DBMS ERROR : db=svc_prod Err=-17 [Microsoft][ODBC SQL Server Driver][TCP/IP Sockets]SQL Server does not exist or access denied.",dbserver.acme.com,esxserver1.acme.com,app1.acme.com
2021-02-08T15:20:50,"REC Not INSERTED [DB TRAN] Table",dbserver.acme.com,esxserver1.acme.com,app1.acme.com
2021-02-08T15:20:50,"Fail To Connect Database   ReActivate Application / Check Connection String ",dbserver.acme.com,esxserver1.acme.com,app1.acme.com
2021-02-08T15:20:50,"Opening Database = DRIVER={SQL Server};SERVER=127.0.0.1;network=dbmssocn;address=127.0.0.1 1433;DATABASE=svc_prod;;Trusted_Connection=Yes;AnsiNPW=No",dbserver.acme.com,esxserver1.acme.com,app1.acme.com
2021-02-08T15:21:06,"DBMS ERROR : db=svc_prod Err=-17 [Microsoft][ODBC SQL Server Driver][TCP/IP Sockets]SQL Server does not exist or access denied.",dbserver.acme.com,esxserver1.acme.com,app1.acme.com
2021-02-08T15:21:06,"REC Not INSERTED [DB TRAN] Table",dbserver.acme.com,esxserver1.acme.com,app1.acme.com
2021-02-08T15:21:06,"Fail To Connect Database   ReActivate Application / Check Connection String ",dbserver.acme.com,esxserver1.acme.com,app1.acme.com
2021-02-08T15:21:06,"Opening Database = DRIVER={SQL Server};SERVER=127.0.0.1;network=dbmssocn;address=127.0.0.1 1433;DATABASE=svc_prod;;Trusted_Connection=Yes;AnsiNPW=No",dbserver.acme.com,esxserver1.acme.com,app1.acme.com
2021-02-08T15:21:23,"DBMS ERROR : db=svc_prod Err=-17 [Microsoft][ODBC SQL Server Driver][TCP/IP Sockets]SQL Server does not exist or access denied.",dbserver.acme.com,esxserver1.acme.com,app1.acme.com
2021-02-08T15:21:23,"REC Not INSERTED [DB TRAN] Table",dbserver.acme.com,esxserver1.acme.com,app1.acme.com
2021-02-08T15:21:23,"Fail To Connect Database   ReActivate Application / Check Connection String ",dbserver.acme.com,esxserver1.acme.com,app1.acme.com
2021-02-08T15:21:23,"Opening Database = DRIVER={SQL Server};SERVER=127.0.0.1;network=dbmssocn;address=127.0.0.1 1433;DATABASE=svc_prod;;Trusted_Connection=Yes;AnsiNPW=No",dbserver.acme.com,esxserver1.acme.com,app1.acme.com
2021-02-08T15:21:40,"DBMS ERROR : db=svc_prod Err=-17 [Microsoft][ODBC SQL Server Driver][TCP/IP Sockets]SQL Server does not exist or access denied.",dbserver.acme.com,esxserver1.acme.com,app1.acme.com
2021-02-08T15:21:40,"REC Not INSERTED [DB TRAN] Table",dbserver.acme.com,esxserver1.acme.com,app1.acme.com
2021-02-08T15:21:40,"Fail To Connect Database   ReActivate Application / Check Connection String ",dbserver.acme.com,esxserver1.acme.com,app1.acme.com
2021-02-08T15:21:40,"Opening Database = DRIVER={SQL Server};SERVER=127.0.0.1;network=dbmssocn;address=127.0.0.1 1433;DATABASE=svc_prod;;Trusted_Connection=Yes;AnsiNPW=No",dbserver.acme.com,esxserver1.acme.com,app1.acme.com
2021-02-08T15:21:56,"DBMS ERROR : db=svc_prod Err=-17 [Microsoft][ODBC SQL Server Driver][TCP/IP Sockets]SQL Server does not exist or access denied.",dbserver.acme.com,esxserver1.acme.com,app1.acme.com
2021-02-08T15:21:56,"REC Not INSERTED [DB TRAN] Table",dbserver.acme.com,esxserver1.acme.com,app1.acme.com
2021-02-08T15:21:56,"Fail To Connect Database   ReActivate Application / Check Connection String ",dbserver.acme.com,esxserver1.acme.com,app1.acme.com
2021-02-08T15:21:56,"Opening Database = DRIVER={SQL Server};SERVER=127.0.0.1;network=dbmssocn;address=127.0.0.1 1433;DATABASE=svc_prod;;Trusted_Connection=Yes;AnsiNPW=No",dbserver.acme.com,esxserver1.acme.com,app1.acme.com
2021-02-08T15:22:12,"DBMS ERROR : db=svc_prod Err=-17 [Microsoft][ODBC SQL Server Driver][TCP/IP Sockets]SQL Server does not exist or access denied.",dbserver.acme.com,esxserver1.acme.com,app1.acme.com
2021-02-08T15:22:12,"REC Not INSERTED [DB TRAN] Table",dbserver.acme.com,esxserver1.acme.com,app1.acme.com
2021-02-08T15:22:12,"Fail To Connect Database   ReActivate Application / Check Connection String ",dbserver.acme.com,esxserver1.acme.com,app1.acme.com
2021-02-08T15:22:12,"Opening Database = DRIVER={SQL Server};SERVER=127.0.0.1;network=dbmssocn;address=127.0.0.1 1433;DATABASE=svc_prod;;Trusted_Connection=Yes;AnsiNPW=No",dbserver.acme.com,esxserver1.acme.com,app1.acme.com
2021-02-08T15:22:29,"DBMS ERROR : db=svc_prod Err=-17 [Microsoft][ODBC SQL Server Driver][TCP/IP Sockets]SQL Server does not exist or access denied.",dbserver.acme.com,esxserver1.acme.com,app1.acme.com
2021-02-08T15:22:29,"REC Not INSERTED [DB TRAN] Table",dbserver.acme.com,esxserver1.acme.com,app1.acme.com
2021-02-08T15:22:29,"Fail To Connect Database   ReActivate Application / Check Connection String ",dbserver.acme.com,esxserver1.acme.com,app1.acme.com
2021-02-08T15:22:29,"Opening Database = DRIVER={SQL Server};SERVER=127.0.0.1;network=dbmssocn;address=127.0.0.1 1433;DATABASE=svc_prod;;Trusted_Connection=Yes;AnsiNPW=No",dbserver.acme.com,esxserver1.acme.com,app1.acme.com
2021-02-08T15:22:45,"DBMS ERROR : db=svc_prod Err=-17 [Microsoft][ODBC SQL Server Driver][TCP/IP Sockets]SQL Server does not exist or access denied.",dbserver.acme.com,esxserver1.acme.com,app1.acme.com
2021-02-08T15:22:45,"REC Not INSERTED [DB TRAN] Table",dbserver.acme.com,esxserver1.acme.com,app1.acme.com
2021-02-08T15:22:45,"Fail To Connect Database   ReActivate Application / Check Connection String ",dbserver.acme.com,esxserver1.acme.com,app1.acme.com
2021-02-08T15:22:45,"Opening Database = DRIVER={SQL Server};SERVER=127.0.0.1;network=dbmssocn;address=127.0.0.1 1433;DATABASE=svc_prod;;Trusted_Connection=Yes;AnsiNPW=No",dbserver.acme.com,esxserver1.acme.com,app1.acme.com
2021-02-08T15:23:02,"DBMS ERROR : db=svc_prod Err=-17 [Microsoft][ODBC SQL Server Driver][TCP/IP Sockets]SQL Server does not exist or access denied.",dbserver.acme.com,esxserver1.acme.com,app1.acme.com
2021-02-08T15:23:02,"REC Not INSERTED [DB TRAN] Table",dbserver.acme.com,esxserver1.acme.com,app1.acme.com
2021-02-08T15:23:02,"Fail To Connect Database   ReActivate Application / Check Connection String ",dbserver.acme.com,esxserver1.acme.com,app1.acme.com
2021-02-08T15:23:02,"Opening Database = DRIVER={SQL Server};SERVER=127.0.0.1;network=dbmssocn;address=127.0.0.1 1433;DATABASE=svc_prod;;Trusted_Connection=Yes;AnsiNPW=No",dbserver.acme.com,esxserver1.acme.com,app1.acme.com
2021-02-08T15:23:18,"DBMS ERROR : db=svc_prod Err=-17 [Microsoft][ODBC SQL Server Driver][TCP/IP Sockets]SQL Server does not exist or access denied.",dbserver.acme.com,esxserver1.acme.com,app1.acme.com
2021-02-08T15:23:18,"REC Not INSERTED [DB TRAN] Table",dbserver.acme.com,esxserver1.acme.com,app1.acme.com
2021-02-08T15:23:18,"Fail To Connect Database   ReActivate Application / Check Connection String ",dbserver.acme.com,esxserver1.acme.com,app1.acme.com
2021-02-08T15:23:18,"Opening Database = DRIVER={SQL Server};SERVER=127.0.0.1;network=dbmssocn;address=127.0.0.1 1433;DATABASE=svc_prod;;Trusted_Connection=Yes;AnsiNPW=No",dbserver.acme.com,esxserver1.acme.com,app1.acme.com
2021-02-08T15:23:34,"DBMS ERROR : db=svc_prod Err=-17 [Microsoft][ODBC SQL Server Driver][TCP/IP Sockets]SQL Server does not exist or access denied.",dbserver.acme.com,esxserver1.acme.com,app1.acme.com
2021-02-08T15:23:34,"REC Not INSERTED [DB TRAN] Table",dbserver.acme.com,esxserver1.acme.com,app1.acme.com
2021-02-08T15:23:34,"Fail To Connect Database   ReActivate Application / Check Connection String ",dbserver.acme.com,esxserver1.acme.com,app1.acme.com
2021-02-08T15:23:34,"Opening Database = DRIVER={SQL Server};SERVER=127.0.0.1;network=dbmssocn;address=127.0.0.1 1433;DATABASE=svc_prod;;Trusted_Connection=Yes;AnsiNPW=No",dbserver.acme.com,esxserver1.acme.com,app1.acme.com
2021-02-08T15:23:50,"DBMS ERROR : db=svc_prod Err=-17 [Microsoft][ODBC SQL Server Driver][TCP/IP Sockets]SQL Server does not exist or access denied.",dbserver.acme.com,esxserver1.acme.com,app1.acme.com
2021-02-08T15:23:50,"REC Not INSERTED [DB TRAN] Table",dbserver.acme.com,esxserver1.acme.com,app1.acme.com
2021-02-08T15:23:50,"Fail To Connect Database   ReActivate Application / Check Connection String ",dbserver.acme.com,esxserver1.acme.com,app1.acme.com
2021-02-08T15:23:50,"Opening Database = DRIVER={SQL Server};SERVER=127.0.0.1;network=dbmssocn;address=127.0.0.1 1433;DATABASE=svc_prod;;Trusted_Connection=Yes;AnsiNPW=No",dbserver.acme.com,esxserver1.acme.com,app1.acme.com
2021-02-08T15:24:07,"DBMS ERROR : db=svc_prod Err=-17 [Microsoft][ODBC SQL Server Driver][TCP/IP Sockets]SQL Server does not exist or access denied.",dbserver.acme.com,esxserver1.acme.com,app1.acme.com
2021-02-08T15:24:07,"REC Not INSERTED [DB TRAN] Table",dbserver.acme.com,esxserver1.acme.com,app1.acme.com
2021-02-08T15:24:07,"Fail To Connect Database   ReActivate Application / Check Connection String ",dbserver.acme.com,esxserver1.acme.com,app1.acme.com
2021-02-08T15:24:07,"Opening Database = DRIVER={SQL Server};SERVER=127.0.0.1;network=dbmssocn;address=127.0.0.1 1433;DATABASE=svc_prod;;Trusted_Connection=Yes;AnsiNPW=No",dbserver.acme.com,esxserver1.acme.com,app1.acme.com
2021-02-08T15:24:23,"DBMS ERROR : db=svc_prod Err=-17 [Microsoft][ODBC SQL Server Driver][TCP/IP Sockets]SQL Server does not exist or access denied.",dbserver.acme.com,esxserver1.acme.com,app1.acme.com
2021-02-08T15:24:23,"REC Not INSERTED [DB TRAN] Table",dbserver.acme.com,esxserver1.acme.com,app1.acme.com
2021-02-08T15:24:23,"Fail To Connect Database   ReActivate Application / Check Connection String ",dbserver.acme.com,esxserver1.acme.com,app1.acme.com
2021-02-08T15:24:23,"Opening Database = DRIVER={SQL Server};SERVER=127.0.0.1;network=dbmssocn;address=127.0.0.1 1433;DATABASE=svc_prod;;Trusted_Connection=Yes;AnsiNPW=No",dbserver.acme.com,esxserver1.acme.com,app1.acme.com
2021-02-08T15:24:40,"DBMS ERROR : db=svc_prod Err=-17 [Microsoft][ODBC SQL Server Driver][TCP/IP Sockets]SQL Server does not exist or access denied.",dbserver.acme.com,esxserver1.acme.com,app1.acme.com
2021-02-08T15:24:40,"REC Not INSERTED [DB TRAN] Table",dbserver.acme.com,esxserver1.acme.com,app1.acme.com
2021-02-08T15:24:40,"Fail To Connect Database   ReActivate Application / Check Connection String ",dbserver.acme.com,esxserver1.acme.com,app1.acme.com
2021-02-08T15:24:40,"Opening Database = DRIVER={SQL Server};SERVER=127.0.0.1;network=dbmssocn;address=127.0.0.1 1433;DATABASE=svc_prod;;Trusted_Connection=Yes;AnsiNPW=No",dbserver.acme.com,esxserver1.acme.com,app1.acme.com
2021-02-08T15:24:56,"DBMS ERROR : db=svc_prod Err=-17 [Microsoft][ODBC SQL Server Driver][TCP/IP Sockets]SQL Server does not exist or access denied.",dbserver.acme.com,esxserver1.acme.com,app1.acme.com
2021-02-08T15:24:56,"REC Not INSERTED [DB TRAN] Table",dbserver.acme.com,esxserver1.acme.com,app1.acme.com
2021-02-08T15:24:56,"Fail To Connect Database   ReActivate Application / Check Connection String ",dbserver.acme.com,esxserver1.acme.com,app1.acme.com
2021-02-08T15:24:56,"Opening Database = DRIVER={SQL Server};SERVER=127.0.0.1;network=dbmssocn;address=127.0.0.1 1433;DATABASE=svc_prod;;Trusted_Connection=Yes;AnsiNPW=No",dbserver.acme.com,esxserver1.acme.com,app1.acme.com
2021-02-08T15:25:12,"DBMS ERROR : db=svc_prod Err=-17 [Microsoft][ODBC SQL Server Driver][TCP/IP Sockets]SQL Server does not exist or access denied.",dbserver.acme.com,esxserver1.acme.com,app1.acme.com
2021-02-08T15:25:12,"REC Not INSERTED [DB TRAN] Table",dbserver.acme.com,esxserver1.acme.com,app1.acme.com
2021-02-08T15:25:12,"Fail To Connect Database   ReActivate Application / Check Connection String ",dbserver.acme.com,esxserver1.acme.com,app1.acme.com
2021-02-08T15:25:12,"Opening Database = DRIVER={SQL Server};SERVER=127.0.0.1;network=dbmssocn;address=127.0.0.1 1433;DATABASE=svc_prod;;Trusted_Connection=Yes;AnsiNPW=No",dbserver.acme.com,esxserver1.acme.com,app1.acme.com
2021-02-08T15:25:29,"DBMS ERROR : db=svc_prod Err=-17 [Microsoft][ODBC SQL Server Driver][TCP/IP Sockets]SQL Server does not exist or access denied.",dbserver.acme.com,esxserver1.acme.com,app1.acme.com
2021-02-08T15:25:29,"REC Not INSERTED [DB TRAN] Table",dbserver.acme.com,esxserver1.acme.com,app1.acme.com
2021-02-08T15:25:29,"Fail To Connect Database   ReActivate Application / Check Connection String ",dbserver.acme.com,esxserver1.acme.com,app1.acme.com
2021-02-08T15:25:29,"Opening Database = DRIVER={SQL Server};SERVER=127.0.0.1;network=dbmssocn;address=127.0.0.1 1433;DATABASE=svc_prod;;Trusted_Connection=Yes;AnsiNPW=No",dbserver.acme.com,esxserver1.acme.com,app1.acme.com
2021-02-08T15:25:45,"DBMS ERROR : db=svc_prod Err=-17 [Microsoft][ODBC SQL Server Driver][TCP/IP Sockets]SQL Server does not exist or access denied.",dbserver.acme.com,esxserver1.acme.com,app1.acme.com
2021-02-08T15:25:45,"REC Not INSERTED [DB TRAN] Table",dbserver.acme.com,esxserver1.acme.com,app1.acme.com
2021-02-08T15:25:45,"Fail To Connect Database   ReActivate Application / Check Connection String ",dbserver.acme.com,esxserver1.acme.com,app1.acme.com
2021-02-08T15:25:45,"Opening Database = DRIVER={SQL Server};SERVER=127.0.0.1;network=dbmssocn;address=127.0.0.1 1433;DATABASE=svc_prod;;Trusted_Connection=Yes;AnsiNPW=No",dbserver.acme.com,esxserver1.acme.com,app1.acme.com
2021-02-08T15:26:02,"DBMS ERROR : db=svc_prod Err=-17 [Microsoft][ODBC SQL Server Driver][TCP/IP Sockets]SQL Server does not exist or access denied.",dbserver.acme.com,esxserver1.acme.com,app1.acme.com
2021-02-08T15:26:02,"REC Not INSERTED [DB TRAN] Table",dbserver.acme.com,esxserver1.acme.com,app1.acme.com
2021-02-08T15:26:02,"Fail To Connect Database   ReActivate Application / Check Connection String ",dbserver.acme.com,esxserver1.acme.com,app1.acme.com
2021-02-08T15:26:02,"Opening Database = DRIVER={SQL Server};SERVER=127.0.0.1;network=dbmssocn;address=127.0.0.1 1433;DATABASE=svc_prod;;Trusted_Connection=Yes;AnsiNPW=No",dbserver.acme.com,esxserver1.acme.com,app1.acme.com
2021-02-08T15:26:18,"DBMS ERROR : db=svc_prod Err=-17 [Microsoft][ODBC SQL Server Driver][TCP/IP Sockets]SQL Server does not exist or access denied.",dbserver.acme.com,esxserver1.acme.com,app1.acme.com
2021-02-08T15:26:18,"REC Not INSERTED [DB TRAN] Table",dbserver.acme.com,esxserver1.acme.com,app1.acme.com
2021-02-08T15:26:18,"Fail To Connect Database   ReActivate Application / Check Connection String ",dbserver.acme.com,esxserver1.acme.com,app1.acme.com
2021-02-08T15:26:18,"Opening Database = DRIVER={SQL Server};SERVER=127.0.0.1;network=dbmssocn;address=127.0.0.1 1433;DATABASE=svc_prod;;Trusted_Connection=Yes;AnsiNPW=No",dbserver.acme.com,esxserver1.acme.com,app1.acme.com
2021-02-08T15:26:35,"DBMS ERROR : db=svc_prod Err=-17 [Microsoft][ODBC SQL Server Driver][TCP/IP Sockets]SQL Server does not exist or access denied.",dbserver.acme.com,esxserver1.acme.com,app1.acme.com
2021-02-08T15:26:35,"REC Not INSERTED [DB TRAN] Table",dbserver.acme.com,esxserver1.acme.com,app1.acme.com
2021-02-08T15:26:35,"Fail To Connect Database   ReActivate Application / Check Connection String ",dbserver.acme.com,esxserver1.acme.com,app1.acme.com
2021-02-08T15:26:35,"Opening Database = DRIVER={SQL Server};SERVER=127.0.0.1;network=dbmssocn;address=127.0.0.1 1433;DATABASE=svc_prod;;Trusted_Connection=Yes;AnsiNPW=No",dbserver.acme.com,esxserver1.acme.com,app1.acme.com
2021-02-08T15:26:51,"DBMS ERROR : db=svc_prod Err=-17 [Microsoft][ODBC SQL Server Driver][TCP/IP Sockets]SQL Server does not exist or access denied.",dbserver.acme.com,esxserver1.acme.com,app1.acme.com
2021-02-08T15:26:51,"REC Not INSERTED [DB TRAN] Table",dbserver.acme.com,esxserver1.acme.com,app1.acme.com
2021-02-08T15:26:51,"Fail To Connect Database   ReActivate Application / Check Connection String ",dbserver.acme.com,esxserver1.acme.com,app1.acme.com
2021-02-08T15:26:51,"Opening Database = DRIVER={SQL Server};SERVER=127.0.0.1;network=dbmssocn;address=127.0.0.1 1433;DATABASE=svc_prod;;Trusted_Connection=Yes;AnsiNPW=No",dbserver.acme.com,esxserver1.acme.com,app1.acme.com
2021-02-08T15:27:07,"DBMS ERROR : db=svc_prod Err=-17 [Microsoft][ODBC SQL Server Driver][TCP/IP Sockets]SQL Server does not exist or access denied.",dbserver.acme.com,esxserver1.acme.com,app1.acme.com
2021-02-08T15:27:07,"REC Not INSERTED [DB TRAN] Table",dbserver.acme.com,esxserver1.acme.com,app1.acme.com
2021-02-08T15:27:07,"Fail To Connect Database   ReActivate Application / Check Connection String ",dbserver.acme.com,esxserver1.acme.com,app1.acme.com
2021-02-08T15:27:07,"Opening Database = DRIVER={SQL Server};SERVER=127.0.0.1;network=dbmssocn;address=127.0.0.1 1433;DATABASE=svc_prod;;Trusted_Connection=Yes;AnsiNPW=No",dbserver.acme.com,esxserver1.acme.com,app1.acme.com
2021-02-08T15:27:24,"DBMS ERROR : db=svc_prod Err=-17 [Microsoft][ODBC SQL Server Driver][TCP/IP Sockets]SQL Server does not exist or access denied.",dbserver.acme.com,esxserver1.acme.com,app1.acme.com
2021-02-08T15:27:24,"REC Not INSERTED [DB TRAN] Table",dbserver.acme.com,esxserver1.acme.com,app1.acme.com
2021-02-08T15:27:24,"Fail To Connect Database   ReActivate Application / Check Connection String ",dbserver.acme.com,esxserver1.acme.com,app1.acme.com
2021-02-08T15:27:24,"Opening Database = DRIVER={SQL Server};SERVER=127.0.0.1;network=dbmssocn;address=127.0.0.1 1433;DATABASE=svc_prod;;Trusted_Connection=Yes;AnsiNPW=No",dbserver.acme.com,esxserver1.acme.com,app1.acme.com
2021-02-08T15:27:40,"DBMS ERROR : db=svc_prod Err=-17 [Microsoft][ODBC SQL Server Driver][TCP/IP Sockets]SQL Server does not exist or access denied.",dbserver.acme.com,esxserver1.acme.com,app1.acme.com
2021-02-08T15:27:40,"REC Not INSERTED [DB TRAN] Table",dbserver.acme.com,esxserver1.acme.com,app1.acme.com
2021-02-08T15:27:40,"Fail To Connect Database   ReActivate Application / Check Connection String ",dbserver.acme.com,esxserver1.acme.com,app1.acme.com
2021-02-08T15:27:40,"Opening Database = DRIVER={SQL Server};SERVER=127.0.0.1;network=dbmssocn;address=127.0.0.1 1433;DATABASE=svc_prod;;Trusted_Connection=Yes;AnsiNPW=No",dbserver.acme.com,esxserver1.acme.com,app1.acme.com
2021-02-08T15:27:56,"DBMS ERROR : db=svc_prod Err=-17 [Microsoft][ODBC SQL Server Driver][TCP/IP Sockets]SQL Server does not exist or access denied.",dbserver.acme.com,esxserver1.acme.com,app1.acme.com
2021-02-08T15:27:56,"REC Not INSERTED [DB TRAN] Table",dbserver.acme.com,esxserver1.acme.com,app1.acme.com
2021-02-08T15:27:56,"Fail To Connect Database   ReActivate Application / Check Connection String ",dbserver.acme.com,esxserver1.acme.com,app1.acme.com
2021-02-08T15:27:56,"Opening Database = DRIVER={SQL Server};SERVER=127.0.0.1;network=dbmssocn;address=127.0.0.1 1433;DATABASE=svc_prod;;Trusted_Connection=Yes;AnsiNPW=No",dbserver.acme.com,esxserver1.acme.com,app1.acme.com
2021-02-08T15:28:13,"DBMS ERROR : db=svc_prod Err=-17 [Microsoft][ODBC SQL Server Driver][TCP/IP Sockets]SQL Server does not exist or access denied.",dbserver.acme.com,esxserver1.acme.com,app1.acme.com
2021-02-08T15:28:13,"REC Not INSERTED [DB TRAN] Table",dbserver.acme.com,esxserver1.acme.com,app1.acme.com
2021-02-08T15:28:13,"Fail To Connect Database   ReActivate Application / Check Connection String ",dbserver.acme.com,esxserver1.acme.com,app1.acme.com
2021-02-08T15:28:13,"Opening Database = DRIVER={SQL Server};SERVER=127.0.0.1;network=dbmssocn;address=127.0.0.1 1433;DATABASE=svc_prod;;Trusted_Connection=Yes;AnsiNPW=No",dbserver.acme.com,esxserver1.acme.com,app1.acme.com
2021-02-08T15:28:29,"DBMS ERROR : db=svc_prod Err=-17 [Microsoft][ODBC SQL Server Driver][TCP/IP Sockets]SQL Server does not exist or access denied.",dbserver.acme.com,esxserver1.acme.com,app1.acme.com
2021-02-08T15:28:29,"REC Not INSERTED [DB TRAN] Table",dbserver.acme.com,esxserver1.acme.com,app1.acme.com
2021-02-08T15:28:29,"Fail To Connect Database   ReActivate Application / Check Connection String ",dbserver.acme.com,esxserver1.acme.com,app1.acme.com
2021-02-08T15:28:29,"Opening Database = DRIVER={SQL Server};SERVER=127.0.0.1;network=dbmssocn;address=127.0.0.1 1433;DATABASE=svc_prod;;Trusted_Connection=Yes;AnsiNPW=No",dbserver.acme.com,esxserver1.acme.com,app1.acme.com
2021-02-08T15:28:46,"DBMS ERROR : db=svc_prod Err=-17 [Microsoft][ODBC SQL Server Driver][TCP/IP Sockets]SQL Server does not exist or access denied.",dbserver.acme.com,esxserver1.acme.com,app1.acme.com
2021-02-08T15:28:46,"REC Not INSERTED [DB TRAN] Table",dbserver.acme.com,esxserver1.acme.com,app1.acme.com
2021-02-08T15:28:46,"Fail To Connect Database   ReActivate Application / Check Connection String ",dbserver.acme.com,esxserver1.acme.com,app1.acme.com
2021-02-08T15:28:46,"Opening Database = DRIVER={SQL Server};SERVER=127.0.0.1;network=dbmssocn;address=127.0.0.1 1433;DATABASE=svc_prod;;Trusted_Connection=Yes;AnsiNPW=No",dbserver.acme.com,esxserver1.acme.com,app1.acme.com
2021-02-08T15:29:02,"DBMS ERROR : db=svc_prod Err=-17 [Microsoft][ODBC SQL Server Driver][TCP/IP Sockets]SQL Server does not exist or access denied.",dbserver.acme.com,esxserver1.acme.com,app1.acme.com
2021-02-08T15:29:02,"REC Not INSERTED [DB TRAN] Table",dbserver.acme.com,esxserver1.acme.com,app1.acme.com
2021-02-08T15:29:02,"Fail To Connect Database   ReActivate Application / Check Connection String ",dbserver.acme.com,esxserver1.acme.com,app1.acme.com
2021-02-08T15:29:02,"Opening Database = DRIVER={SQL Server};SERVER=127.0.0.1;network=dbmssocn;address=127.0.0.1 1433;DATABASE=svc_prod;;Trusted_Connection=Yes;AnsiNPW=No",dbserver.acme.com,esxserver1.acme.com,app1.acme.com
2021-02-08T15:29:18,"DBMS ERROR : db=svc_prod Err=-17 [Microsoft][ODBC SQL Server Driver][TCP/IP Sockets]SQL Server does not exist or access denied.",dbserver.acme.com,esxserver1.acme.com,app1.acme.com
2021-02-08T15:29:18,"REC Not INSERTED [DB TRAN] Table",dbserver.acme.com,esxserver1.acme.com,app1.acme.com
2021-02-08T15:29:18,"Fail To Connect Database   ReActivate Application / Check Connection String ",dbserver.acme.com,esxserver1.acme.com,app1.acme.com
2021-02-08T15:29:18,"Opening Database = DRIVER={SQL Server};SERVER=127.0.0.1;network=dbmssocn;address=127.0.0.1 1433;DATABASE=svc_prod;;Trusted_Connection=Yes;AnsiNPW=No",dbserver.acme.com,esxserver1.acme.com,app1.acme.com
2021-02-08T15:29:35,"DBMS ERROR : db=svc_prod Err=-17 [Microsoft][ODBC SQL Server Driver][TCP/IP Sockets]SQL Server does not exist or access denied.",dbserver.acme.com,esxserver1.acme.com,app1.acme.com
2021-02-08T15:29:35,"REC Not INSERTED [DB TRAN] Table",dbserver.acme.com,esxserver1.acme.com,app1.acme.com
2021-02-08T15:29:35,"Fail To Connect Database   ReActivate Application / Check Connection String ",dbserver.acme.com,esxserver1.acme.com,app1.acme.com
2021-02-08T15:29:35,"Opening Database = DRIVER={SQL Server};SERVER=127.0.0.1;network=dbmssocn;address=127.0.0.1 1433;DATABASE=svc_prod;;Trusted_Connection=Yes;AnsiNPW=No",dbserver.acme.com,esxserver1.acme.com,app1.acme.com
2021-02-08T15:29:52,"DBMS ERROR : db=svc_prod Err=-17 [Microsoft][ODBC SQL Server Driver][TCP/IP Sockets]SQL Server does not exist or access denied.",dbserver.acme.com,esxserver1.acme.com,app1.acme.com
2021-02-08T15:29:52,"REC Not INSERTED [DB TRAN] Table",dbserver.acme.com,esxserver1.acme.com,app1.acme.com
2021-02-08T15:29:52,"Fail To Connect Database   ReActivate Application / Check Connection String ",dbserver.acme.com,esxserver1.acme.com,app1.acme.com
2021-02-08T15:29:52,"Opening Database = DRIVER={SQL Server};SERVER=127.0.0.1;network=dbmssocn;address=127.0.0.1 1433;DATABASE=svc_prod;;Trusted_Connection=Yes;AnsiNPW=No",dbserver.acme.com,esxserver1.acme.com,app1.acme.com
2021-02-08T15:30:08,"DBMS ERROR : db=svc_prod Err=-17 [Microsoft][ODBC SQL Server Driver][TCP/IP Sockets]SQL Server does not exist or access denied.",dbserver.acme.com,esxserver1.acme.com,app1.acme.com
2021-02-08T15:30:08,"REC Not INSERTED [DB TRAN] Table",dbserver.acme.com,esxserver1.acme.com,app1.acme.com
2021-02-08T15:30:08,"Fail To Connect Database   ReActivate Application / Check Connection String ",dbserver.acme.com,esxserver1.acme.com,app1.acme.com
2021-02-08T15:30:08,"Opening Database = DRIVER={SQL Server};SERVER=127.0.0.1;network=dbmssocn;address=127.0.0.1 1433;DATABASE=svc_prod;;Trusted_Connection=Yes;AnsiNPW=No",dbserver.acme.com,esxserver1.acme.com,app1.acme.com
2021-02-08T15:30:25,"DBMS ERROR : db=svc_prod Err=-17 [Microsoft][ODBC SQL Server Driver][TCP/IP Sockets]SQL Server does not exist or access denied.",dbserver.acme.com,esxserver1.acme.com,app1.acme.com
2021-02-08T15:30:25,"REC Not INSERTED [DB TRAN] Table",dbserver.acme.com,esxserver1.acme.com,app1.acme.com
2021-02-08T15:30:25,"Fail To Connect Database   ReActivate Application / Check Connection String ",dbserver.acme.com,esxserver1.acme.com,app1.acme.com
2021-02-08T15:30:25,"Opening Database = DRIVER={SQL Server};SERVER=127.0.0.1;network=dbmssocn;address=127.0.0.1 1433;DATABASE=svc_prod;;Trusted_Connection=Yes;AnsiNPW=No",dbserver.acme.com,esxserver1.acme.com,app1.acme.com
2021-02-08T15:30:41,"DBMS ERROR : db=svc_prod Err=-17 [Microsoft][ODBC SQL Server Driver][TCP/IP Sockets]SQL Server does not exist or access denied.",dbserver.acme.com,esxserver1.acme.com,app1.acme.com
2021-02-08T15:30:41,"REC Not INSERTED [DB TRAN] Table",dbserver.acme.com,esxserver1.acme.com,app1.acme.com
2021-02-08T15:30:41,"Fail To Connect Database   ReActivate Application / Check Connection String ",dbserver.acme.com,esxserver1.acme.com,app1.acme.com
2021-02-08T15:30:41,"Opening Database = DRIVER={SQL Server};SERVER=127.0.0.1;network=dbmssocn;address=127.0.0.1 1433;DATABASE=svc_prod;;Trusted_Connection=Yes;AnsiNPW=No",dbserver.acme.com,esxserver1.acme.com,app1.acme.com
2021-02-08T15:30:57,"DBMS ERROR : db=svc_prod Err=-17 [Microsoft][ODBC SQL Server Driver][TCP/IP Sockets]SQL Server does not exist or access denied.",dbserver.acme.com,esxserver1.acme.com,app1.acme.com
2021-02-08T15:30:57,"REC Not INSERTED [DB TRAN] Table",dbserver.acme.com,esxserver1.acme.com,app1.acme.com
2021-02-08T15:30:57,"Fail To Connect Database   ReActivate Application / Check Connection String ",dbserver.acme.com,esxserver1.acme.com,app1.acme.com
2021-02-08T15:30:57,"Opening Database = DRIVER={SQL Server};SERVER=127.0.0.1;network=dbmssocn;address=127.0.0.1 1433;DATABASE=svc_prod;;Trusted_Connection=Yes;AnsiNPW=No",dbserver.acme.com,esxserver1.acme.com,app1.acme.com
2021-02-08T15:31:14,"DBMS ERROR : db=svc_prod Err=-17 [Microsoft][ODBC SQL Server Driver][TCP/IP Sockets]SQL Server does not exist or access denied.",dbserver.acme.com,esxserver1.acme.com,app1.acme.com
2021-02-08T15:31:14,"REC Not INSERTED [DB TRAN] Table",dbserver.acme.com,esxserver1.acme.com,app1.acme.com
2021-02-08T15:31:14,"Fail To Connect Database   ReActivate Application / Check Connection String ",dbserver.acme.com,esxserver1.acme.com,app1.acme.com
2021-02-08T15:31:14,"Opening Database = DRIVER={SQL Server};SERVER=127.0.0.1;network=dbmssocn;address=127.0.0.1 1433;DATABASE=svc_prod;;Trusted_Connection=Yes;AnsiNPW=No",dbserver.acme.com,esxserver1.acme.com,app1.acme.com
2021-02-08T15:31:30,"DBMS ERROR : db=svc_prod Err=-17 [Microsoft][ODBC SQL Server Driver][TCP/IP Sockets]SQL Server does not exist or access denied.",dbserver.acme.com,esxserver1.acme.com,app1.acme.com
2021-02-08T15:31:30,"REC Not INSERTED [DB TRAN] Table",dbserver.acme.com,esxserver1.acme.com,app1.acme.com
2021-02-08T15:31:30,"Fail To Connect Database   ReActivate Application / Check Connection String ",dbserver.acme.com,esxserver1.acme.com,app1.acme.com
2021-02-08T15:31:30,"Opening Database = DRIVER={SQL Server};SERVER=127.0.0.1;network=dbmssocn;address=127.0.0.1 1433;DATABASE=svc_prod;;Trusted_Connection=Yes;AnsiNPW=No",dbserver.acme.com,esxserver1.acme.com,app1.acme.com
2021-02-08T15:32:48,"Using: 10.16.1.63!svc_prod#uid=dbadmin1;pwd=#####",dbserver.acme.com,esxserver1.acme.com,app1.acme.com
2021-02-08T15:32:48,"Opening Database = DRIVER={SQL Server};SERVER=10.16.1.63;network=dbmssocn;address=10.16.1.63 1433;DATABASE=svc_prod;uid=dbadmin1;pwd=#####;AnsiNPW=No",dbserver.acme.com,esxserver1.acme.com,app1.acme.com
2021-02-08T15:32:48,"012 Head Office Link Active 127.0.0.1",dbserver.acme.com,esxserver1.acme.com,app1.acme.com
2021-02-08T15:33:00,"012 Head Office Link Active 127.0.0.1",dbserver.acme.com,esxserver1.acme.com,app1.acme.com
2021-02-08T21:28:09,"Actual Transaction Already Voided / Reversed",dbserver.acme.com,esxserver1.acme.com,app1.acme.com
2021-02-08T23:55:19,"REC Not INSERTED [DB TRAN] Table",dbserver.acme.com,esxserver1.acme.com,app1.acme.com
2021-02-09T07:36:26,"Using: sssvcdbj1.acme.com!svc_prod#uid=dbadmin1;pwd=#####",dbserver.acme.com,esxserver1.acme.com,app1.acme.com
2021-02-09T07:36:26,"Opening Database = DRIVER={SQL Server};SERVER=sssvcdbj1.acme.com;network=dbmssocn;address=sssvcdbj1.acme.com 1433;DATABASE=svc_prod;uid=dbadmin1;pwd=#####;AnsiNPW=No",dbserver.acme.com,esxserver1.acme.com,app1.acme.com
2021-02-09T07:36:27,"012 Head Office Link Active 127.0.0.1",dbserver.acme.com,esxserver1.acme.com,app1.acme.com
2021-02-09T08:07:46,"012 Head Office Link Active 127.0.0.1",dbserver.acme.com,esxserver1.acme.com,app1.acme.com
2021-02-09T10:52:27,"Transaction Match In DB / Duplicate Transaction",dbserver.acme.com,esxserver1.acme.com,app1.acme.com
2021-02-09T11:54:24,"Actual Transaction Not Found In DB To VOID",dbserver.acme.com,esxserver1.acme.com,app1.acme.com
2021-02-09T14:34:56,"Card # Not Found Into DB",dbserver.acme.com,esxserver1.acme.com,app1.acme.com
2021-02-09T18:23:29,"Card # Not Found Into DB",dbserver.acme.com,esxserver1.acme.com,app1.acme.com
2021-02-09T19:26:31,"Actual Transaction Already Voided / Reversed",dbserver.acme.com,esxserver1.acme.com,app1.acme.com
2021-02-09T19:31:22,"Actual Transaction Not Found In DB To VOID",dbserver.acme.com,esxserver1.acme.com,app1.acme.com
2021-02-10T12:37:42,"REC Not INSERTED [DB TRAN] Table",dbserver.acme.com,esxserver1.acme.com,app1.acme.com
2021-02-10T13:50:19,"Actual Transaction Not Found In DB To VOID",dbserver.acme.com,esxserver1.acme.com,app1.acme.com
2021-02-10T14:10:04,"Actual Transaction Not Found In DB To VOID",dbserver.acme.com,esxserver1.acme.com,app1.acme.com
2021-02-10T16:19:41,"Using: sssvcdbj1.acme.com!svc_prod#uid=dbadmin1;pwd=#####",dbserver.acme.com,esxserver1.acme.com,app1.acme.com
2021-02-10T16:19:41,"Opening Database = DRIVER={SQL Server};SERVER=sssvcdbj1.acme.com;network=dbmssocn;address=sssvcdbj1.acme.com 1433;DATABASE=svc_prod;uid=dbadmin1;pwd=#####;AnsiNPW=No",dbserver.acme.com,esxserver1.acme.com,app1.acme.com
2021-02-10T16:19:42,"012 Head Office Link Active 127.0.0.1",dbserver.acme.com,esxserver1.acme.com,app1.acme.com
2021-02-10T16:19:59,"012 Head Office Link Active 127.0.0.1",dbserver.acme.com,esxserver1.acme.com,app1.acme.com
2021-02-10T17:06:27,"DB Not Updated [Master] Table",dbserver.acme.com,esxserver1.acme.com,app1.acme.com
2021-02-10T17:06:27,"REC Not INSERTED [DB TRAN] Table",dbserver.acme.com,esxserver1.acme.com,app1.acme.com
2021-02-10T18:38:52,"Using: sssvcdbj1.acme.com!svc_prod#uid=dbadmin1;pwd=#####",dbserver.acme.com,esxserver1.acme.com,app1.acme.com
2021-02-10T18:38:52,"Opening Database = DRIVER={SQL Server};SERVER=sssvcdbj1.acme.com;network=dbmssocn;address=sssvcdbj1.acme.com 1433;DATABASE=svc_prod;uid=dbadmin1;pwd=#####;AnsiNPW=No",dbserver.acme.com,esxserver1.acme.com,app1.acme.com
2021-02-10T18:38:52,"012 Head Office Link Active 127.0.0.1",dbserver.acme.com,esxserver1.acme.com,app1.acme.com
2021-02-10T18:38:55,"012 Head Office Link Active 127.0.0.1",dbserver.acme.com,esxserver1.acme.com,app1.acme.com
2021-02-10T21:02:32,"Actual Transaction Not Found In DB To VOID",dbserver.acme.com,esxserver1.acme.com,app1.acme.com
2021-02-10T23:49:55,"Using: sssvcdbj1.acme.com!svc_prod#uid=dbadmin1;pwd=#####",dbserver.acme.com,esxserver1.acme.com,app1.acme.com
2021-02-10T23:49:55,"Opening Database = DRIVER={SQL Server};SERVER=sssvcdbj1.acme.com;network=dbmssocn;address=sssvcdbj1.acme.com 1433;DATABASE=svc_prod;uid=dbadmin1;pwd=#####;AnsiNPW=No",dbserver.acme.com,esxserver1.acme.com,app1.acme.com
2021-02-10T23:49:55,"012 Head Office Link Active 127.0.0.1",dbserver.acme.com,esxserver1.acme.com,app1.acme.com
2021-02-10T23:50:29,"012 Head Office Link Active 127.0.0.1",dbserver.acme.com,esxserver1.acme.com,app1.acme.com
2021-02-10T23:52:30,"Using: 10.16.1.63!svc_prod#uid=dbadmin1;pwd=#####",dbserver.acme.com,esxserver1.acme.com,app1.acme.com
2021-02-10T23:52:30,"Opening Database = DRIVER={SQL Server};SERVER=10.16.1.63;network=dbmssocn;address=10.16.1.63 1433;DATABASE=svc_prod;uid=dbadmin1;pwd=#####;AnsiNPW=No",dbserver.acme.com,esxserver1.acme.com,app1.acme.com
2021-02-10T23:52:31,"012 Head Office Link Active 127.0.0.1",dbserver.acme.com,esxserver1.acme.com,app1.acme.com
2021-02-10T23:52:49,"012 Head Office Link Active 127.0.0.1",dbserver.acme.com,esxserver1.acme.com,app1.acme.com
2021-02-11T03:46:14,"Using: 10.16.1.63!svc_prod#uid=dbadmin1;pwd=#####",dbserver.acme.com,esxserver1.acme.com,app1.acme.com
2021-02-11T03:46:14,"Opening Database = DRIVER={SQL Server};SERVER=10.16.1.63;network=dbmssocn;address=10.16.1.63 1433;DATABASE=svc_prod;uid=dbadmin1;pwd=#####;AnsiNPW=No",dbserver.acme.com,esxserver1.acme.com,app1.acme.com
2021-02-11T03:46:14,"012 Head Office Link Active 127.0.0.1",dbserver.acme.com,esxserver1.acme.com,app1.acme.com
2021-02-11T04:11:16,"012 Head Office Link Active 127.0.0.1",dbserver.acme.com,esxserver1.acme.com,app1.acme.com
2021-02-11T10:41:28,"Actual Transaction Not Found In DB To VOID",dbserver.acme.com,esxserver1.acme.com,app1.acme.com
2021-02-11T16:24:06,"REC Not INSERTED [DB TRAN] Table",dbserver.acme.com,esxserver1.acme.com,app1.acme.com
2021-02-11T16:28:59,"Actual Transaction Not Found In DB To VOID",dbserver.acme.com,esxserver1.acme.com,app1.acme.com
2021-02-11T23:17:43,"Card # Not Found Into DB",dbserver.acme.com,esxserver1.acme.com,app1.acme.com
